id,name,email,status,has_email
1,User1,invalid-email1,inactive,false
2,User2,user2@test.com,active,true
3,User3,invalid-email3,inactive,false
4,User4,user4@test.com,active,true
5,User5,invalid-email5,inactive,false
6,User6,user6@test.com,active,true
7,User7,invalid-email7,inactive,false
8,User8,user8@test.com,active,true
9,User9,invalid-email9,inactive,false
10,User10,user10@test.com,active,true
11,User11,invalid-email11,inactive,false
12,User12,user12@test.com,active,true
13,User13,invalid-email13,inactive,false
14,User14,user14@test.com,active,true
15,User15,invalid-email15,inactive,false
16,User16,user16@test.com,active,true
17,User17,invalid-email17,inactive,false
18,User18,user18@test.com,active,true
19,User19,invalid-email19,inactive,false
20,User20,user20@test.com,active,true
21,User21,invalid-email21,inactive,false
22,User22,user22@test.com,active,true
23,User23,invalid-email23,inactive,false
24,User24,user24@test.com,active,true
25,User25,invalid-email25,inactive,false
26,User26,user26@test.com,active,true
27,User27,invalid-email27,inactive,false
28,User28,user28@test.com,active,true
29,User29,invalid-email29,inactive,false
30,User30,user30@test.com,active,true
31,User31,invalid-email31,inactive,false
32,User32,user32@test.com,active,true
33,User33,invalid-email33,inactive,false
34,User34,user34@test.com,active,true
35,User35,invalid-email35,inactive,false
36,User36,user36@test.com,active,true
37,User37,invalid-email37,inactive,false
38,User38,user38@test.com,active,true
39,User39,invalid-email39,inactive,false
40,User40,user40@test.com,active,true
41,User41,invalid-email41,inactive,false
42,User42,user42@test.com,active,true
43,User43,invalid-email43,inactive,false
44,User44,user44@test.com,active,true
45,User45,invalid-email45,inactive,false
46,User46,user46@test.com,active,true
47,User47,invalid-email47,inactive,false
48,User48,user48@test.com,active,true
49,User49,invalid-email49,inactive,false
50,User50,user50@test.com,active,true
51,User51,invalid-email51,inactive,false
52,User52,user52@test.com,active,true
53,User53,invalid-email53,inactive,false
54,User54,user54@test.com,active,true
55,User55,invalid-email55,inactive,false
56,User56,user56@test.com,active,true
57,User57,invalid-email57,inactive,false
58,User58,user58@test.com,active,true
59,User59,invalid-email59,inactive,false
60,User60,user60@test.com,active,true
61,User61,invalid-email61,inactive,false
62,User62,user62@test.com,active,true
63,User63,invalid-email63,inactive,false
64,User64,user64@test.com,active,true
65,User65,invalid-email65,inactive,false
66,User66,user66@test.com,active,true
67,User67,invalid-email67,inactive,false
68,User68,user68@test.com,active,true
69,User69,invalid-email69,inactive,false
70,User70,user70@test.com,active,true
71,User71,invalid-email71,inactive,false
72,User72,user72@test.com,active,true
73,User73,invalid-email73,inactive,false
74,User74,user74@test.com,active,true
75,User75,invalid-email75,inactive,false
76,User76,user76@test.com,active,true
77,User77,invalid-email77,inactive,false
78,User78,user78@test.com,active,true
79,User79,invalid-email79,inactive,false
80,User80,user80@test.com,active,true
81,User81,invalid-email81,inactive,false
82,User82,user82@test.com,active,true
83,User83,invalid-email83,inactive,false
84,User84,user84@test.com,active,true
85,User85,invalid-email85,inactive,false
86,User86,user86@test.com,active,true
87,User87,invalid-email87,inactive,false
88,User88,user88@test.com,active,true
89,User89,invalid-email89,inactive,false
90,User90,user90@test.com,active,true
91,User91,invalid-email91,inactive,false
92,User92,user92@test.com,active,true
93,User93,invalid-email93,inactive,false
94,User94,user94@test.com,active,true
95,User95,invalid-email95,inactive,false
96,User96,user96@test.com,active,true
97,User97,invalid-email97,inactive,false
98,User98,user98@test.com,active,true
99,User99,invalid-email99,inactive,false
100,User100,user100@test.com,active,true
101,User101,invalid-email101,inactive,false
102,User102,user102@test.com,active,true
103,User103,invalid-email103,inactive,false
104,User104,user104@test.com,active,true
105,User105,invalid-email105,inactive,false
106,User106,user106@test.com,active,true
107,User107,invalid-email107,inactive,false
108,User108,user108@test.com,active,true
109,User109,invalid-email109,inactive,false
110,User110,user110@test.com,active,true
111,User111,invalid-email111,inactive,false
112,User112,user112@test.com,active,true
113,User113,invalid-email113,inactive,false
114,User114,user114@test.com,active,true
115,User115,invalid-email115,inactive,false
116,User116,user116@test.com,active,true
117,User117,invalid-email117,inactive,false
118,User118,user118@test.com,active,true
119,User119,invalid-email119,inactive,false
120,User120,user120@test.com,active,true
121,User121,invalid-email121,inactive,false
122,User122,user122@test.com,active,true
123,User123,invalid-email123,inactive,false
124,User124,user124@test.com,active,true
125,User125,invalid-email125,inactive,false
126,User126,user126@test.com,active,true
127,User127,invalid-email127,inactive,false
128,User128,user128@test.com,active,true
129,User129,invalid-email129,inactive,false
130,User130,user130@test.com,active,true
131,User131,invalid-email131,inactive,false
132,User132,user132@test.com,active,true
133,User133,invalid-email133,inactive,false
134,User134,user134@test.com,active,true
135,User135,invalid-email135,inactive,false
136,User136,user136@test.com,active,true
137,User137,invalid-email137,inactive,false
138,User138,user138@test.com,active,true
139,User139,invalid-email139,inactive,false
140,User140,user140@test.com,active,true
141,User141,invalid-email141,inactive,false
142,User142,user142@test.com,active,true
143,User143,invalid-email143,inactive,false
144,User144,user144@test.com,active,true
145,User145,invalid-email145,inactive,false
146,User146,user146@test.com,active,true
147,User147,invalid-email147,inactive,false
148,User148,user148@test.com,active,true
149,User149,invalid-email149,inactive,false
150,User150,user150@test.com,active,true
151,User151,invalid-email151,inactive,false
152,User152,user152@test.com,active,true
153,User153,invalid-email153,inactive,false
154,User154,user154@test.com,active,true
155,User155,invalid-email155,inactive,false
156,User156,user156@test.com,active,true
157,User157,invalid-email157,inactive,false
158,User158,user158@test.com,active,true
159,User159,invalid-email159,inactive,false
160,User160,user160@test.com,active,true
161,User161,invalid-email161,inactive,false
162,User162,user162@test.com,active,true
163,User163,invalid-email163,inactive,false
164,User164,user164@test.com,active,true
165,User165,invalid-email165,inactive,false
166,User166,user166@test.com,active,true
167,User167,invalid-email167,inactive,false
168,User168,user168@test.com,active,true
169,User169,invalid-email169,inactive,false
170,User170,user170@test.com,active,true
171,User171,invalid-email171,inactive,false
172,User172,user172@test.com,active,true
173,User173,invalid-email173,inactive,false
174,User174,user174@test.com,active,true
175,User175,invalid-email175,inactive,false
176,User176,user176@test.com,active,true
177,User177,invalid-email177,inactive,false
178,User178,user178@test.com,active,true
179,User179,invalid-email179,inactive,false
180,User180,user180@test.com,active,true
181,User181,invalid-email181,inactive,false
182,User182,user182@test.com,active,true
183,User183,invalid-email183,inactive,false
184,User184,user184@test.com,active,true
185,User185,invalid-email185,inactive,false
186,User186,user186@test.com,active,true
187,User187,invalid-email187,inactive,false
188,User188,user188@test.com,active,true
189,User189,invalid-email189,inactive,false
190,User190,user190@test.com,active,true
191,User191,invalid-email191,inactive,false
192,User192,user192@test.com,active,true
193,User193,invalid-email193,inactive,false
194,User194,user194@test.com,active,true
195,User195,invalid-email195,inactive,false
196,User196,user196@test.com,active,true
197,User197,invalid-email197,inactive,false
198,User198,user198@test.com,active,true
199,User199,invalid-email199,inactive,false
200,User200,user200@test.com,active,true
201,User201,invalid-email201,inactive,false
202,User202,user202@test.com,active,true
203,User203,invalid-email203,inactive,false
204,User204,user204@test.com,active,true
205,User205,invalid-email205,inactive,false
206,User206,user206@test.com,active,true
207,User207,invalid-email207,inactive,false
208,User208,user208@test.com,active,true
209,User209,invalid-email209,inactive,false
210,User210,user210@test.com,active,true
211,User211,invalid-email211,inactive,false
212,User212,user212@test.com,active,true
213,User213,invalid-email213,inactive,false
214,User214,user214@test.com,active,true
215,User215,invalid-email215,inactive,false
216,User216,user216@test.com,active,true
217,User217,invalid-email217,inactive,false
218,User218,user218@test.com,active,true
219,User219,invalid-email219,inactive,false
220,User220,user220@test.com,active,true
221,User221,invalid-email221,inactive,false
222,User222,user222@test.com,active,true
223,User223,invalid-email223,inactive,false
224,User224,user224@test.com,active,true
225,User225,invalid-email225,inactive,false
226,User226,user226@test.com,active,true
227,User227,invalid-email227,inactive,false
228,User228,user228@test.com,active,true
229,User229,invalid-email229,inactive,false
230,User230,user230@test.com,active,true
231,User231,invalid-email231,inactive,false
232,User232,user232@test.com,active,true
233,User233,invalid-email233,inactive,false
234,User234,user234@test.com,active,true
235,User235,invalid-email235,inactive,false
236,User236,user236@test.com,active,true
237,User237,invalid-email237,inactive,false
238,User238,user238@test.com,active,true
239,User239,invalid-email239,inactive,false
240,User240,user240@test.com,active,true
241,User241,invalid-email241,inactive,false
242,User242,user242@test.com,active,true
243,User243,invalid-email243,inactive,false
244,User244,user244@test.com,active,true
245,User245,invalid-email245,inactive,false
246,User246,user246@test.com,active,true
247,User247,invalid-email247,inactive,false
248,User248,user248@test.com,active,true
249,User249,invalid-email249,inactive,false
250,User250,user250@test.com,active,true
251,User251,invalid-email251,inactive,false
252,User252,user252@test.com,active,true
253,User253,invalid-email253,inactive,false
254,User254,user254@test.com,active,true
255,User255,invalid-email255,inactive,false
256,User256,user256@test.com,active,true
257,User257,invalid-email257,inactive,false
258,User258,user258@test.com,active,true
259,User259,invalid-email259,inactive,false
260,User260,user260@test.com,active,true
261,User261,invalid-email261,inactive,false
262,User262,user262@test.com,active,true
263,User263,invalid-email263,inactive,false
264,User264,user264@test.com,active,true
265,User265,invalid-email265,inactive,false
266,User266,user266@test.com,active,true
267,User267,invalid-email267,inactive,false
268,User268,user268@test.com,active,true
269,User269,invalid-email269,inactive,false
270,User270,user270@test.com,active,true
271,User271,invalid-email271,inactive,false
272,User272,user272@test.com,active,true
273,User273,invalid-email273,inactive,false
274,User274,user274@test.com,active,true
275,User275,invalid-email275,inactive,false
276,User276,user276@test.com,active,true
277,User277,invalid-email277,inactive,false
278,User278,user278@test.com,active,true
279,User279,invalid-email279,inactive,false
280,User280,user280@test.com,active,true
281,User281,invalid-email281,inactive,false
282,User282,user282@test.com,active,true
283,User283,invalid-email283,inactive,false
284,User284,user284@test.com,active,true
285,User285,invalid-email285,inactive,false
286,User286,user286@test.com,active,true
287,User287,invalid-email287,inactive,false
288,User288,user288@test.com,active,true
289,User289,invalid-email289,inactive,false
290,User290,user290@test.com,active,true
291,User291,invalid-email291,inactive,false
292,User292,user292@test.com,active,true
293,User293,invalid-email293,inactive,false
294,User294,user294@test.com,active,true
295,User295,invalid-email295,inactive,false
296,User296,user296@test.com,active,true
297,User297,invalid-email297,inactive,false
298,User298,user298@test.com,active,true
299,User299,invalid-email299,inactive,false
300,User300,user300@test.com,active,true
301,User301,invalid-email301,inactive,false
302,User302,user302@test.com,active,true
303,User303,invalid-email303,inactive,false
304,User304,user304@test.com,active,true
305,User305,invalid-email305,inactive,false
306,User306,user306@test.com,active,true
307,User307,invalid-email307,inactive,false
308,User308,user308@test.com,active,true
309,User309,invalid-email309,inactive,false
310,User310,user310@test.com,active,true
311,User311,invalid-email311,inactive,false
312,User312,user312@test.com,active,true
313,User313,invalid-email313,inactive,false
314,User314,user314@test.com,active,true
315,User315,invalid-email315,inactive,false
316,User316,user316@test.com,active,true
317,User317,invalid-email317,inactive,false
318,User318,user318@test.com,active,true
319,User319,invalid-email319,inactive,false
320,User320,user320@test.com,active,true
321,User321,invalid-email321,inactive,false
322,User322,user322@test.com,active,true
323,User323,invalid-email323,inactive,false
324,User324,user324@test.com,active,true
325,User325,invalid-email325,inactive,false
326,User326,user326@test.com,active,true
327,User327,invalid-email327,inactive,false
328,User328,user328@test.com,active,true
329,User329,invalid-email329,inactive,false
330,User330,user330@test.com,active,true
331,User331,invalid-email331,inactive,false
332,User332,user332@test.com,active,true
333,User333,invalid-email333,inactive,false
334,User334,user334@test.com,active,true
335,User335,invalid-email335,inactive,false
336,User336,user336@test.com,active,true
337,User337,invalid-email337,inactive,false
338,User338,user338@test.com,active,true
339,User339,invalid-email339,inactive,false
340,User340,user340@test.com,active,true
341,User341,invalid-email341,inactive,false
342,User342,user342@test.com,active,true
343,User343,invalid-email343,inactive,false
344,User344,user344@test.com,active,true
345,User345,invalid-email345,inactive,false
346,User346,user346@test.com,active,true
347,User347,invalid-email347,inactive,false
348,User348,user348@test.com,active,true
349,User349,invalid-email349,inactive,false
350,User350,user350@test.com,active,true
351,User351,invalid-email351,inactive,false
352,User352,user352@test.com,active,true
353,User353,invalid-email353,inactive,false
354,User354,user354@test.com,active,true
355,User355,invalid-email355,inactive,false
356,User356,user356@test.com,active,true
357,User357,invalid-email357,inactive,false
358,User358,user358@test.com,active,true
359,User359,invalid-email359,inactive,false
360,User360,user360@test.com,active,true
361,User361,invalid-email361,inactive,false
362,User362,user362@test.com,active,true
363,User363,invalid-email363,inactive,false
364,User364,user364@test.com,active,true
365,User365,invalid-email365,inactive,false
366,User366,user366@test.com,active,true
367,User367,invalid-email367,inactive,false
368,User368,user368@test.com,active,true
369,User369,invalid-email369,inactive,false
370,User370,user370@test.com,active,true
371,User371,invalid-email371,inactive,false
372,User372,user372@test.com,active,true
373,User373,invalid-email373,inactive,false
374,User374,user374@test.com,active,true
375,User375,invalid-email375,inactive,false
376,User376,user376@test.com,active,true
377,User377,invalid-email377,inactive,false
378,User378,user378@test.com,active,true
379,User379,invalid-email379,inactive,false
380,User380,user380@test.com,active,true
381,User381,invalid-email381,inactive,false
382,User382,user382@test.com,active,true
383,User383,invalid-email383,inactive,false
384,User384,user384@test.com,active,true
385,User385,invalid-email385,inactive,false
386,User386,user386@test.com,active,true
387,User387,invalid-email387,inactive,false
388,User388,user388@test.com,active,true
389,User389,invalid-email389,inactive,false
390,User390,user390@test.com,active,true
391,User391,invalid-email391,inactive,false
392,User392,user392@test.com,active,true
393,User393,invalid-email393,inactive,false
394,User394,user394@test.com,active,true
395,User395,invalid-email395,inactive,false
396,User396,user396@test.com,active,true
397,User397,invalid-email397,inactive,false
398,User398,user398@test.com,active,true
399,User399,invalid-email399,inactive,false
400,User400,user400@test.com,active,true
401,User401,invalid-email401,inactive,false
402,User402,user402@test.com,active,true
403,User403,invalid-email403,inactive,false
404,User404,user404@test.com,active,true
405,User405,invalid-email405,inactive,false
406,User406,user406@test.com,active,true
407,User407,invalid-email407,inactive,false
408,User408,user408@test.com,active,true
409,User409,invalid-email409,inactive,false
410,User410,user410@test.com,active,true
411,User411,invalid-email411,inactive,false
412,User412,user412@test.com,active,true
413,User413,invalid-email413,inactive,false
414,User414,user414@test.com,active,true
415,User415,invalid-email415,inactive,false
416,User416,user416@test.com,active,true
417,User417,invalid-email417,inactive,false
418,User418,user418@test.com,active,true
419,User419,invalid-email419,inactive,false
420,User420,user420@test.com,active,true
421,User421,invalid-email421,inactive,false
422,User422,user422@test.com,active,true
423,User423,invalid-email423,inactive,false
424,User424,user424@test.com,active,true
425,User425,invalid-email425,inactive,false
426,User426,user426@test.com,active,true
427,User427,invalid-email427,inactive,false
428,User428,user428@test.com,active,true
429,User429,invalid-email429,inactive,false
430,User430,user430@test.com,active,true
431,User431,invalid-email431,inactive,false
432,User432,user432@test.com,active,true
433,User433,invalid-email433,inactive,false
434,User434,user434@test.com,active,true
435,User435,invalid-email435,inactive,false
436,User436,user436@test.com,active,true
437,User437,invalid-email437,inactive,false
438,User438,user438@test.com,active,true
439,User439,invalid-email439,inactive,false
440,User440,user440@test.com,active,true
441,User441,invalid-email441,inactive,false
442,User442,user442@test.com,active,true
443,User443,invalid-email443,inactive,false
444,User444,user444@test.com,active,true
445,User445,invalid-email445,inactive,false
446,User446,user446@test.com,active,true
447,User447,invalid-email447,inactive,false
448,User448,user448@test.com,active,true
449,User449,invalid-email449,inactive,false
450,User450,user450@test.com,active,true
451,User451,invalid-email451,inactive,false
452,User452,user452@test.com,active,true
453,User453,invalid-email453,inactive,false
454,User454,user454@test.com,active,true
455,User455,invalid-email455,inactive,false
456,User456,user456@test.com,active,true
457,User457,invalid-email457,inactive,false
458,User458,user458@test.com,active,true
459,User459,invalid-email459,inactive,false
460,User460,user460@test.com,active,true
461,User461,invalid-email461,inactive,false
462,User462,user462@test.com,active,true
463,User463,invalid-email463,inactive,false
464,User464,user464@test.com,active,true
465,User465,invalid-email465,inactive,false
466,User466,user466@test.com,active,true
467,User467,invalid-email467,inactive,false
468,User468,user468@test.com,active,true
469,User469,invalid-email469,inactive,false
470,User470,user470@test.com,active,true
471,User471,invalid-email471,inactive,false
472,User472,user472@test.com,active,true
473,User473,invalid-email473,inactive,false
474,User474,user474@test.com,active,true
475,User475,invalid-email475,inactive,false
476,User476,user476@test.com,active,true
477,User477,invalid-email477,inactive,false
478,User478,user478@test.com,active,true
479,User479,invalid-email479,inactive,false
480,User480,user480@test.com,active,true
481,User481,invalid-email481,inactive,false
482,User482,user482@test.com,active,true
483,User483,invalid-email483,inactive,false
484,User484,user484@test.com,active,true
485,User485,invalid-email485,inactive,false
486,User486,user486@test.com,active,true
487,User487,invalid-email487,inactive,false
488,User488,user488@test.com,active,true
489,User489,invalid-email489,inactive,false
490,User490,user490@test.com,active,true
491,User491,invalid-email491,inactive,false
492,User492,user492@test.com,active,true
493,User493,invalid-email493,inactive,false
494,User494,user494@test.com,active,true
495,User495,invalid-email495,inactive,false
496,User496,user496@test.com,active,true
497,User497,invalid-email497,inactive,false
498,User498,user498@test.com,active,true
499,User499,invalid-email499,inactive,false
500,User500,user500@test.com,active,true
501,User501,invalid-email501,inactive,false
502,User502,user502@test.com,active,true
503,User503,invalid-email503,inactive,false
504,User504,user504@test.com,active,true
505,User505,invalid-email505,inactive,false
506,User506,user506@test.com,active,true
507,User507,invalid-email507,inactive,false
508,User508,user508@test.com,active,true
509,User509,invalid-email509,inactive,false
510,User510,user510@test.com,active,true
511,User511,invalid-email511,inactive,false
512,User512,user512@test.com,active,true
513,User513,invalid-email513,inactive,false
514,User514,user514@test.com,active,true
515,User515,invalid-email515,inactive,false
516,User516,user516@test.com,active,true
517,User517,invalid-email517,inactive,false
518,User518,user518@test.com,active,true
519,User519,invalid-email519,inactive,false
520,User520,user520@test.com,active,true
521,User521,invalid-email521,inactive,false
522,User522,user522@test.com,active,true
523,User523,invalid-email523,inactive,false
524,User524,user524@test.com,active,true
525,User525,invalid-email525,inactive,false
526,User526,user526@test.com,active,true
527,User527,invalid-email527,inactive,false
528,User528,user528@test.com,active,true
529,User529,invalid-email529,inactive,false
530,User530,user530@test.com,active,true
531,User531,invalid-email531,inactive,false
532,User532,user532@test.com,active,true
533,User533,invalid-email533,inactive,false
534,User534,user534@test.com,active,true
535,User535,invalid-email535,inactive,false
536,User536,user536@test.com,active,true
537,User537,invalid-email537,inactive,false
538,User538,user538@test.com,active,true
539,User539,invalid-email539,inactive,false
540,User540,user540@test.com,active,true
541,User541,invalid-email541,inactive,false
542,User542,user542@test.com,active,true
543,User543,invalid-email543,inactive,false
544,User544,user544@test.com,active,true
545,User545,invalid-email545,inactive,false
546,User546,user546@test.com,active,true
547,User547,invalid-email547,inactive,false
548,User548,user548@test.com,active,true
549,User549,invalid-email549,inactive,false
550,User550,user550@test.com,active,true
551,User551,invalid-email551,inactive,false
552,User552,user552@test.com,active,true
553,User553,invalid-email553,inactive,false
554,User554,user554@test.com,active,true
555,User555,invalid-email555,inactive,false
556,User556,user556@test.com,active,true
557,User557,invalid-email557,inactive,false
558,User558,user558@test.com,active,true
559,User559,invalid-email559,inactive,false
560,User560,user560@test.com,active,true
561,User561,invalid-email561,inactive,false
562,User562,user562@test.com,active,true
563,User563,invalid-email563,inactive,false
564,User564,user564@test.com,active,true
565,User565,invalid-email565,inactive,false
566,User566,user566@test.com,active,true
567,User567,invalid-email567,inactive,false
568,User568,user568@test.com,active,true
569,User569,invalid-email569,inactive,false
570,User570,user570@test.com,active,true
571,User571,invalid-email571,inactive,false
572,User572,user572@test.com,active,true
573,User573,invalid-email573,inactive,false
574,User574,user574@test.com,active,true
575,User575,invalid-email575,inactive,false
576,User576,user576@test.com,active,true
577,User577,invalid-email577,inactive,false
578,User578,user578@test.com,active,true
579,User579,invalid-email579,inactive,false
580,User580,user580@test.com,active,true
581,User581,invalid-email581,inactive,false
582,User582,user582@test.com,active,true
583,User583,invalid-email583,inactive,false
584,User584,user584@test.com,active,true
585,User585,invalid-email585,inactive,false
586,User586,user586@test.com,active,true
587,User587,invalid-email587,inactive,false
588,User588,user588@test.com,active,true
589,User589,invalid-email589,inactive,false
590,User590,user590@test.com,active,true
591,User591,invalid-email591,inactive,false
592,User592,user592@test.com,active,true
593,User593,invalid-email593,inactive,false
594,User594,user594@test.com,active,true
595,User595,invalid-email595,inactive,false
596,User596,user596@test.com,active,true
597,User597,invalid-email597,inactive,false
598,User598,user598@test.com,active,true
599,User599,invalid-email599,inactive,false
600,User600,user600@test.com,active,true
601,User601,invalid-email601,inactive,false
602,User602,user602@test.com,active,true
603,User603,invalid-email603,inactive,false
604,User604,user604@test.com,active,true
605,User605,invalid-email605,inactive,false
606,User606,user606@test.com,active,true
607,User607,invalid-email607,inactive,false
608,User608,user608@test.com,active,true
609,User609,invalid-email609,inactive,false
610,User610,user610@test.com,active,true
611,User611,invalid-email611,inactive,false
612,User612,user612@test.com,active,true
613,User613,invalid-email613,inactive,false
614,User614,user614@test.com,active,true
615,User615,invalid-email615,inactive,false
616,User616,user616@test.com,active,true
617,User617,invalid-email617,inactive,false
618,User618,user618@test.com,active,true
619,User619,invalid-email619,inactive,false
620,User620,user620@test.com,active,true
621,User621,invalid-email621,inactive,false
622,User622,user622@test.com,active,true
623,User623,invalid-email623,inactive,false
624,User624,user624@test.com,active,true
625,User625,invalid-email625,inactive,false
626,User626,user626@test.com,active,true
627,User627,invalid-email627,inactive,false
628,User628,user628@test.com,active,true
629,User629,invalid-email629,inactive,false
630,User630,user630@test.com,active,true
631,User631,invalid-email631,inactive,false
632,User632,user632@test.com,active,true
633,User633,invalid-email633,inactive,false
634,User634,user634@test.com,active,true
635,User635,invalid-email635,inactive,false
636,User636,user636@test.com,active,true
637,User637,invalid-email637,inactive,false
638,User638,user638@test.com,active,true
639,User639,invalid-email639,inactive,false
640,User640,user640@test.com,active,true
641,User641,invalid-email641,inactive,false
642,User642,user642@test.com,active,true
643,User643,invalid-email643,inactive,false
644,User644,user644@test.com,active,true
645,User645,invalid-email645,inactive,false
646,User646,user646@test.com,active,true
647,User647,invalid-email647,inactive,false
648,User648,user648@test.com,active,true
649,User649,invalid-email649,inactive,false
650,User650,user650@test.com,active,true
651,User651,invalid-email651,inactive,false
652,User652,user652@test.com,active,true
653,User653,invalid-email653,inactive,false
654,User654,user654@test.com,active,true
655,User655,invalid-email655,inactive,false
656,User656,user656@test.com,active,true
657,User657,invalid-email657,inactive,false
658,User658,user658@test.com,active,true
659,User659,invalid-email659,inactive,false
660,User660,user660@test.com,active,true
661,User661,invalid-email661,inactive,false
662,User662,user662@test.com,active,true
663,User663,invalid-email663,inactive,false
664,User664,user664@test.com,active,true
665,User665,invalid-email665,inactive,false
666,User666,user666@test.com,active,true
667,User667,invalid-email667,inactive,false
668,User668,user668@test.com,active,true
669,User669,invalid-email669,inactive,false
670,User670,user670@test.com,active,true
671,User671,invalid-email671,inactive,false
672,User672,user672@test.com,active,true
673,User673,invalid-email673,inactive,false
674,User674,user674@test.com,active,true
675,User675,invalid-email675,inactive,false
676,User676,user676@test.com,active,true
677,User677,invalid-email677,inactive,false
678,User678,user678@test.com,active,true
679,User679,invalid-email679,inactive,false
680,User680,user680@test.com,active,true
681,User681,invalid-email681,inactive,false
682,User682,user682@test.com,active,true
683,User683,invalid-email683,inactive,false
684,User684,user684@test.com,active,true
685,User685,invalid-email685,inactive,false
686,User686,user686@test.com,active,true
687,User687,invalid-email687,inactive,false
688,User688,user688@test.com,active,true
689,User689,invalid-email689,inactive,false
690,User690,user690@test.com,active,true
691,User691,invalid-email691,inactive,false
692,User692,user692@test.com,active,true
693,User693,invalid-email693,inactive,false
694,User694,user694@test.com,active,true
695,User695,invalid-email695,inactive,false
696,User696,user696@test.com,active,true
697,User697,invalid-email697,inactive,false
698,User698,user698@test.com,active,true
699,User699,invalid-email699,inactive,false
700,User700,user700@test.com,active,true
701,User701,invalid-email701,inactive,false
702,User702,user702@test.com,active,true
703,User703,invalid-email703,inactive,false
704,User704,user704@test.com,active,true
705,User705,invalid-email705,inactive,false
706,User706,user706@test.com,active,true
707,User707,invalid-email707,inactive,false
708,User708,user708@test.com,active,true
709,User709,invalid-email709,inactive,false
710,User710,user710@test.com,active,true
711,User711,invalid-email711,inactive,false
712,User712,user712@test.com,active,true
713,User713,invalid-email713,inactive,false
714,User714,user714@test.com,active,true
715,User715,invalid-email715,inactive,false
716,User716,user716@test.com,active,true
717,User717,invalid-email717,inactive,false
718,User718,user718@test.com,active,true
719,User719,invalid-email719,inactive,false
720,User720,user720@test.com,active,true
721,User721,invalid-email721,inactive,false
722,User722,user722@test.com,active,true
723,User723,invalid-email723,inactive,false
724,User724,user724@test.com,active,true
725,User725,invalid-email725,inactive,false
726,User726,user726@test.com,active,true
727,User727,invalid-email727,inactive,false
728,User728,user728@test.com,active,true
729,User729,invalid-email729,inactive,false
730,User730,user730@test.com,active,true
731,User731,invalid-email731,inactive,false
732,User732,user732@test.com,active,true
733,User733,invalid-email733,inactive,false
734,User734,user734@test.com,active,true
735,User735,invalid-email735,inactive,false
736,User736,user736@test.com,active,true
737,User737,invalid-email737,inactive,false
738,User738,user738@test.com,active,true
739,User739,invalid-email739,inactive,false
740,User740,user740@test.com,active,true
741,User741,invalid-email741,inactive,false
742,User742,user742@test.com,active,true
743,User743,invalid-email743,inactive,false
744,User744,user744@test.com,active,true
745,User745,invalid-email745,inactive,false
746,User746,user746@test.com,active,true
747,User747,invalid-email747,inactive,false
748,User748,user748@test.com,active,true
749,User749,invalid-email749,inactive,false
750,User750,user750@test.com,active,true
751,User751,invalid-email751,inactive,false
752,User752,user752@test.com,active,true
753,User753,invalid-email753,inactive,false
754,User754,user754@test.com,active,true
755,User755,invalid-email755,inactive,false
756,User756,user756@test.com,active,true
757,User757,invalid-email757,inactive,false
758,User758,user758@test.com,active,true
759,User759,invalid-email759,inactive,false
760,User760,user760@test.com,active,true
761,User761,invalid-email761,inactive,false
762,User762,user762@test.com,active,true
763,User763,invalid-email763,inactive,false
764,User764,user764@test.com,active,true
765,User765,invalid-email765,inactive,false
766,User766,user766@test.com,active,true
767,User767,invalid-email767,inactive,false
768,User768,user768@test.com,active,true
769,User769,invalid-email769,inactive,false
770,User770,user770@test.com,active,true
771,User771,invalid-email771,inactive,false
772,User772,user772@test.com,active,true
773,User773,invalid-email773,inactive,false
774,User774,user774@test.com,active,true
775,User775,invalid-email775,inactive,false
776,User776,user776@test.com,active,true
777,User777,invalid-email777,inactive,false
778,User778,user778@test.com,active,true
779,User779,invalid-email779,inactive,false
780,User780,user780@test.com,active,true
781,User781,invalid-email781,inactive,false
782,User782,user782@test.com,active,true
783,User783,invalid-email783,inactive,false
784,User784,user784@test.com,active,true
785,User785,invalid-email785,inactive,false
786,User786,user786@test.com,active,true
787,User787,invalid-email787,inactive,false
788,User788,user788@test.com,active,true
789,User789,invalid-email789,inactive,false
790,User790,user790@test.com,active,true
791,User791,invalid-email791,inactive,false
792,User792,user792@test.com,active,true
793,User793,invalid-email793,inactive,false
794,User794,user794@test.com,active,true
795,User795,invalid-email795,inactive,false
796,User796,user796@test.com,active,true
797,User797,invalid-email797,inactive,false
798,User798,user798@test.com,active,true
799,User799,invalid-email799,inactive,false
800,User800,user800@test.com,active,true
801,User801,invalid-email801,inactive,false
802,User802,user802@test.com,active,true
803,User803,invalid-email803,inactive,false
804,User804,user804@test.com,active,true
805,User805,invalid-email805,inactive,false
806,User806,user806@test.com,active,true
807,User807,invalid-email807,inactive,false
808,User808,user808@test.com,active,true
809,User809,invalid-email809,inactive,false
810,User810,user810@test.com,active,true
811,User811,invalid-email811,inactive,false
812,User812,user812@test.com,active,true
813,User813,invalid-email813,inactive,false
814,User814,user814@test.com,active,true
815,User815,invalid-email815,inactive,false
816,User816,user816@test.com,active,true
817,User817,invalid-email817,inactive,false
818,User818,user818@test.com,active,true
819,User819,invalid-email819,inactive,false
820,User820,user820@test.com,active,true
821,User821,invalid-email821,inactive,false
822,User822,user822@test.com,active,true
823,User823,invalid-email823,inactive,false
824,User824,user824@test.com,active,true
825,User825,invalid-email825,inactive,false
826,User826,user826@test.com,active,true
827,User827,invalid-email827,inactive,false
828,User828,user828@test.com,active,true
829,User829,invalid-email829,inactive,false
830,User830,user830@test.com,active,true
831,User831,invalid-email831,inactive,false
832,User832,user832@test.com,active,true
833,User833,invalid-email833,inactive,false
834,User834,user834@test.com,active,true
835,User835,invalid-email835,inactive,false
836,User836,user836@test.com,active,true
837,User837,invalid-email837,inactive,false
838,User838,user838@test.com,active,true
839,User839,invalid-email839,inactive,false
840,User840,user840@test.com,active,true
841,User841,invalid-email841,inactive,false
842,User842,user842@test.com,active,true
843,User843,invalid-email843,inactive,false
844,User844,user844@test.com,active,true
845,User845,invalid-email845,inactive,false
846,User846,user846@test.com,active,true
847,User847,invalid-email847,inactive,false
848,User848,user848@test.com,active,true
849,User849,invalid-email849,inactive,false
850,User850,user850@test.com,active,true
851,User851,invalid-email851,inactive,false
852,User852,user852@test.com,active,true
853,User853,invalid-email853,inactive,false
854,User854,user854@test.com,active,true
855,User855,invalid-email855,inactive,false
856,User856,user856@test.com,active,true
857,User857,invalid-email857,inactive,false
858,User858,user858@test.com,active,true
859,User859,invalid-email859,inactive,false
860,User860,user860@test.com,active,true
861,User861,invalid-email861,inactive,false
862,User862,user862@test.com,active,true
863,User863,invalid-email863,inactive,false
864,User864,user864@test.com,active,true
865,User865,invalid-email865,inactive,false
866,User866,user866@test.com,active,true
867,User867,invalid-email867,inactive,false
868,User868,user868@test.com,active,true
869,User869,invalid-email869,inactive,false
870,User870,user870@test.com,active,true
871,User871,invalid-email871,inactive,false
872,User872,user872@test.com,active,true
873,User873,invalid-email873,inactive,false
874,User874,user874@test.com,active,true
875,User875,invalid-email875,inactive,false
876,User876,user876@test.com,active,true
877,User877,invalid-email877,inactive,false
878,User878,user878@test.com,active,true
879,User879,invalid-email879,inactive,false
880,User880,user880@test.com,active,true
881,User881,invalid-email881,inactive,false
882,User882,user882@test.com,active,true
883,User883,invalid-email883,inactive,false
884,User884,user884@test.com,active,true
885,User885,invalid-email885,inactive,false
886,User886,user886@test.com,active,true
887,User887,invalid-email887,inactive,false
888,User888,user888@test.com,active,true
889,User889,invalid-email889,inactive,false
890,User890,user890@test.com,active,true
891,User891,invalid-email891,inactive,false
892,User892,user892@test.com,active,true
893,User893,invalid-email893,inactive,false
894,User894,user894@test.com,active,true
895,User895,invalid-email895,inactive,false
896,User896,user896@test.com,active,true
897,User897,invalid-email897,inactive,false
898,User898,user898@test.com,active,true
899,User899,invalid-email899,inactive,false
900,User900,user900@test.com,active,true
901,User901,invalid-email901,inactive,false
902,User902,user902@test.com,active,true
903,User903,invalid-email903,inactive,false
904,User904,user904@test.com,active,true
905,User905,invalid-email905,inactive,false
906,User906,user906@test.com,active,true
907,User907,invalid-email907,inactive,false
908,User908,user908@test.com,active,true
909,User909,invalid-email909,inactive,false
910,User910,user910@test.com,active,true
911,User911,invalid-email911,inactive,false
912,User912,user912@test.com,active,true
913,User913,invalid-email913,inactive,false
914,User914,user914@test.com,active,true
915,User915,invalid-email915,inactive,false
916,User916,user916@test.com,active,true
917,User917,invalid-email917,inactive,false
918,User918,user918@test.com,active,true
919,User919,invalid-email919,inactive,false
920,User920,user920@test.com,active,true
921,User921,invalid-email921,inactive,false
922,User922,user922@test.com,active,true
923,User923,invalid-email923,inactive,false
924,User924,user924@test.com,active,true
925,User925,invalid-email925,inactive,false
926,User926,user926@test.com,active,true
927,User927,invalid-email927,inactive,false
928,User928,user928@test.com,active,true
929,User929,invalid-email929,inactive,false
930,User930,user930@test.com,active,true
931,User931,invalid-email931,inactive,false
932,User932,user932@test.com,active,true
933,User933,invalid-email933,inactive,false
934,User934,user934@test.com,active,true
935,User935,invalid-email935,inactive,false
936,User936,user936@test.com,active,true
937,User937,invalid-email937,inactive,false
938,User938,user938@test.com,active,true
939,User939,invalid-email939,inactive,false
940,User940,user940@test.com,active,true
941,User941,invalid-email941,inactive,false
942,User942,user942@test.com,active,true
943,User943,invalid-email943,inactive,false
944,User944,user944@test.com,active,true
945,User945,invalid-email945,inactive,false
946,User946,user946@test.com,active,true
947,User947,invalid-email947,inactive,false
948,User948,user948@test.com,active,true
949,User949,invalid-email949,inactive,false
950,User950,user950@test.com,active,true
951,User951,invalid-email951,inactive,false
952,User952,user952@test.com,active,true
953,User953,invalid-email953,inactive,false
954,User954,user954@test.com,active,true
955,User955,invalid-email955,inactive,false
956,User956,user956@test.com,active,true
957,User957,invalid-email957,inactive,false
958,User958,user958@test.com,active,true
959,User959,invalid-email959,inactive,false
960,User960,user960@test.com,active,true
961,User961,invalid-email961,inactive,false
962,User962,user962@test.com,active,true
963,User963,invalid-email963,inactive,false
964,User964,user964@test.com,active,true
965,User965,invalid-email965,inactive,false
966,User966,user966@test.com,active,true
967,User967,invalid-email967,inactive,false
968,User968,user968@test.com,active,true
969,User969,invalid-email969,inactive,false
970,User970,user970@test.com,active,true
971,User971,invalid-email971,inactive,false
972,User972,user972@test.com,active,true
973,User973,invalid-email973,inactive,false
974,User974,user974@test.com,active,true
975,User975,invalid-email975,inactive,false
976,User976,user976@test.com,active,true
977,User977,invalid-email977,inactive,false
978,User978,user978@test.com,active,true
979,User979,invalid-email979,inactive,false
980,User980,user980@test.com,active,true
981,User981,invalid-email981,inactive,false
982,User982,user982@test.com,active,true
983,User983,invalid-email983,inactive,false
984,User984,user984@test.com,active,true
985,User985,invalid-email985,inactive,false
986,User986,user986@test.com,active,true
987,User987,invalid-email987,inactive,false
988,User988,user988@test.com,active,true
989,User989,invalid-email989,inactive,false
990,User990,user990@test.com,active,true
991,User991,invalid-email991,inactive,false
992,User992,user992@test.com,active,true
993,User993,invalid-email993,inactive,false
994,User994,user994@test.com,active,true
995,User995,invalid-email995,inactive,false
996,User996,user996@test.com,active,true
997,User997,invalid-email997,inactive,false
998,User998,user998@test.com,active,true
999,User999,invalid-email999,inactive,false
1000,User1000,user1000@test.com,active,true
